{"configVersion": 3.1, "version": "3.0[Preview2]", "eula": true, "geometry": "2041x1063+829+340", "nameLabel": ["陈奕柔", "徐知雨", "王弘宇", "万桂麟", "王文凯", "卢鸿铭", "潘志豪", "薛付尧", "魏嘉振", "江畅远", "王孜赫", "王玺权", "覃子渊", "黄星汉", "崔昕阳", "莫子昇", "熊文韬", "李家全", "胡淳钦", "沈宣宏", "丁志成", "凌粤鹏", "郑浩哲", "梁泽楷", "李煜彬", "李鑫", "黄宇爵", "张惠媛", "陈诗雅", "贾景越", "罗笛和", "钟炘倢", "李雅静", "汪倍好", "任永琪", "刁旖珊", "郭乔华", "王紫", "陈曦", "林嘉昕", "陈子铃", "张栖嘉"], "other": {"doRandom": true, "showHello": true, "topMost": false}, "uiBasicSittings": {"style": "superhero"}, "fontSize": {"maintitle": 45, "mainNameLabel": 55, "preNameLabel": 35, "afterNameLabel": 35, "mainButton": 13, "mainStopButton": 13}, "fontScaleSize": -3, "stopNow": true}